Name Server;Hop;Time (ms)
Google;1;2.374
Google;2;54.403
Google;3;36.913
Google;4;
Google;5;
Google;6;
Google;7;44.017
Google;8;54.882
Google;9;82.199
Google;10;66.369
Google;11;56.502
Google;12;37.483
Google;13;38.435
Google;14;0
Google;15;0
Google;16;0
Google;1;4.371
Google;2;40.918
Google;3;40.733
Google;4;
Google;5;
Google;6;
Google;7;49.866
Google;8;93.548
Google;9;36.905
Google;10;91.940
Google;11;39.761
Google;12;47.253
Google;13;43.315
Google;1;2.351
Google;2;57.430
Google;3;182.914
Google;4;
Google;5;24.722
Google;6;
Google;7;42.033
Google;8;25.364
Google;9;49.638
Google;10;31.072
Google;11;34.994
Google;12;27.746
Google;13;34.368
Google;1;2.527
Google;2;
Google;3;51.858
Google;4;
Google;5;
Google;6;
Google;7;31.042
Google;8;22.019
Google;9;23.941
Google;10;37.478
Google;11;28.541
Google;12;29.551
Google;13;30.215
Google;1;2.309
Google;2;208.355
Google;3;121.291
Google;4;
Google;5;
Google;6;
Google;7;35.426
Google;8;37.392
Google;9;35.292
Google;10;33.511
Google;11;21.143
Google;12;34.801
Google;13;35.762
Google;1;2.254
Google;2;34.412
Google;3;30.991
Google;4;
Google;5;64.124
Google;6;
Google;7;32.103
Google;8;34.598
Google;9;27.109
Google;10;21.461
Google;11;39.342
Google;12;22.847
Google;13;54.368
Google;1;2.609
Google;2;58.171
Google;3;118.473
Google;4;
Google;5;
Google;6;
Google;7;50.534
Google;8;25.541
Google;9;29.446
Google;10;27.125
Google;11;41.626
Google;12;43.425
Google;13;24.043
Google;1;2.914
Google;2;27.370
Google;3;241.863
Google;4;
Google;5;
Google;6;
Google;7;29.315
Google;8;40.166
Google;9;34.328
Google;10;25.175
Google;11;35.911
Google;12;51.583
Google;13;30.156
Google;1;2.747
Google;2;280.154
Google;3;231.853
Google;4;
Google;5;
Google;6;
Google;7;30.507
Google;8;29.611
Google;9;44.752
Google;10;23.240
Google;11;36.162
Google;12;27.597
Google;13;29.218
Google;1;2.784
Google;2;27.737
Google;3;32.990
Google;4;
Google;5;
Google;6;
Google;7;31.729
Google;8;34.267
Google;9;25.463
Google;10;24.259
Google;11;27.996
Google;12;24.862
Google;13;29.172
Google;1;2.583
Google;2;236.075
Google;3;26.366
Google;4;
Google;5;33.002
Google;6;
Google;7;29.139
Google;8;31.024
Google;9;44.952
Google;10;51.885
Google;11;51.738
Google;12;48.675
Google;13;40.389
Google;1;2.310
Google;2;178.027
Google;3;24.760
Google;4;
Google;5;
Google;6;
Google;7;33.517
Google;8;30.102
Google;9;30.408
Google;10;30.868
Google;11;24.594
Google;12;42.688
Google;13;24.169
Google;1;2.622
Google;2;165.137
Google;3;238.270
Google;4;
Google;5;21.053
Google;6;
Google;7;46.320
Google;8;27.216
Google;9;27.396
Google;10;21.735
Google;11;20.971
Google;12;28.021
Google;13;29.232
Google;1;2.472
Google;2;141.326
Google;3;173.779
Google;4;
Google;5;
Google;6;
Google;7;39.314
Google;8;41.454
Google;9;43.722
Google;10;27.087
Google;11;27.883
Google;12;25.316
Google;13;29.036
Google;1;2.585
Google;2;38.392
Google;3;45.985
Google;4;
Google;5;29.861
Google;6;
Google;7;55.601
Google;8;49.714
Google;9;42.453
Google;10;42.018
Google;11;21.655
Google;12;30.960
Google;13;29.788
Google;1;2.182
Google;2;150.701
Google;3;172.893
Google;4;
Google;5;28.891
Google;6;
Google;7;29.896
Google;8;23.306
Google;9;43.891
Google;10;33.575
Google;11;23.609
Google;12;30.930
Google;13;26.624
Google;1;2.517
Google;2;235.971
Google;3;85.934
Google;4;
Google;5;
Google;6;
Google;7;29.871
Google;8;50.687
Google;9;34.360
Google;10;33.946
Google;11;25.650
Google;12;39.133
Google;13;28.609
Google;1;2.188
Google;2;31.433
Google;3;232.108
Google;4;
Google;5;
Google;6;
Google;7;34.733
Google;8;43.308
Google;9;52.172
Google;10;29.066
Google;11;33.879
Google;12;38.511
Google;13;51.759
Google;1;2.611
Google;2;249.513
Google;3;40.912
Google;4;
Google;5;30.565
Google;6;
Google;7;32.588
Google;8;33.818
Google;9;38.386
Google;10;33.746
Google;11;31.280
Google;12;37.409
Google;13;44.084
Google;1;3.231
Google;2;74.025
Google;3;108.906
Google;4;
Google;5;
Google;6;
Google;7;28.277
Google;8;37.862
Google;9;36.491
Google;10;30.265
Google;11;32.206
Google;12;34.208
Google;13;22.484
Google;1;2.286
Google;2;38.368
Google;3;199.702
Google;4;
Google;5;
Google;6;
Google;7;51.442
Google;8;39.833
Google;9;45.327
Google;10;47.285
Google;11;34.449
Google;12;26.044
Google;13;55.597
Google;1;2.418
Google;2;36.675
Google;3;211.984
Google;4;
Google;5;39.032
Google;6;
Google;7;57.656
Google;8;45.250
Google;9;50.860
Google;10;43.583
Google;11;39.294
Google;12;63.749
Google;13;41.910
Google;1;2.464
Google;2;43.635
Google;3;227.814
Google;4;
Google;5;25.250
Google;6;
Google;7;49.361
Google;8;25.913
Google;9;26.191
Google;10;19.852
Google;11;29.453
Google;12;29.171
Google;13;35.667
Google;1;2.351
Google;2;219.480
Google;3;53.111
Google;4;
Google;5;
Google;6;
Google;7;24.594
Google;8;53.409
Google;9;38.782
Google;10;33.048
Google;11;37.029
Google;12;25.545
Google;13;21.572
Google;1;2.671
Google;2;240.775
Google;3;223.318
Google;4;
Google;5;
Google;6;
Google;7;39.393
Google;8;33.452
Google;9;31.747
Google;10;47.501
Google;11;38.586
Google;12;27.258
Google;13;48.280
Google;1;2.942
Google;2;32.528
Google;3;236.123
Google;4;
Google;5;
Google;6;
Google;7;25.118
Google;8;35.391
Google;9;30.065
Google;10;54.841
Google;11;37.142
Google;12;42.879
Google;13;28.332
Google;1;2.580
Google;2;236.667
Google;3;30.016
Google;4;
Google;5;
Google;6;
Google;7;33.191
Google;8;39.782
Google;9;23.245
Google;10;44.156
Google;11;37.497
Google;12;21.960
Google;13;33.540
Google;1;2.590
Google;2;190.234
Google;3;28.974
Google;4;
Google;5;
Google;6;
Google;7;24.426
Google;8;47.548
Google;9;38.163
Google;10;32.603
Google;11;33.511
Google;12;40.238
Google;13;22.305
Google;1;2.650
Google;2;167.965
Google;3;38.949
Google;4;
Google;5;
Google;6;
Google;7;31.339
Google;8;40.785
Google;9;22.552
Google;10;43.104
Google;11;44.252
Google;12;23.657
Google;13;33.786
Google;1;2.455
Google;2;27.049
Google;3;48.920
Google;4;
Google;5;
Google;6;
Google;7;26.505
Google;8;35.741
Google;9;30.937
Google;10;31.147
Google;11;31.820
Google;12;35.593
Google;13;37.471
Google;1;2.763
Google;2;238.403
Google;3;191.297
Google;4;
Google;5;
Google;6;
Google;7;37.018
Google;8;30.235
Google;9;39.223
Google;10;24.066
Google;11;34.436
Google;12;32.701
Google;13;65.372
Google;1;2.625
Google;2;35.523
Google;3;57.891
Google;4;
Google;5;27.790
Google;6;
Google;7;31.014
Google;8;29.890
Google;9;38.890
Google;10;33.144
Google;11;41.779
Google;12;25.042
Google;13;36.082
Google;1;2.821
Google;2;38.817
Google;3;86.118
Google;4;
Google;5;29.092
Google;6;
Google;7;26.658
Google;8;30.151
Google;9;38.293
Google;10;30.751
Google;11;33.989
Google;12;41.912
Google;13;48.357
Google;1;2.524
Google;2;214.613
Google;3;35.520
Google;4;
Google;5;
Google;6;
Google;7;21.050
Google;8;27.408
Google;9;35.592
Google;10;36.833
Google;11;26.467
Google;12;25.449
Google;13;50.977
Google;1;2.650
Google;2;41.920
Google;3;197.913
Google;4;
Google;5;43.581
Google;6;
Google;7;27.299
Google;8;32.135
Google;9;34.634
Google;10;55.260
Google;11;33.254
Google;12;34.160
Google;13;29.388
Google;1;2.797
Google;2;47.132
Google;3;28.757
Google;4;
Google;5;
Google;6;
Google;7;52.168
Google;8;46.441
Google;9;29.035
Google;10;34.431
Google;11;43.181
Google;12;28.176
Google;13;65.023
Google;1;2.611
Google;2;43.168
Google;3;44.910
Google;4;
Google;5;
Google;6;
Google;7;27.731
Google;8;29.444
Google;9;35.574
Google;10;49.442
Google;11;63.247
Google;12;31.765
Google;13;20.040
Google;1;2.827
Google;2;208.613
Google;3;46.846
Google;4;
Google;5;
Google;6;
Google;7;32.743
Google;8;24.472
Google;9;35.383
Google;10;26.447
Google;11;32.544
Google;12;23.188
Google;13;30.327
Google;1;2.566
Google;2;62.140
Google;3;24.020
Google;4;
Google;5;
Google;6;
Google;7;29.073
Google;8;38.334
Google;9;42.076
Google;10;32.804
Google;11;21.948
Google;12;36.001
Google;13;41.890
Google;1;2.406
Google;2;175.523
Google;3;232.706
Google;4;
Google;5;23.026
Google;6;
Google;7;30.307
Google;8;36.484
Google;9;33.443
Google;10;22.194
Google;11;50.881
Google;12;22.519
Google;13;28.695
Google;1;2.800
Google;2;270.901
Google;3;34.042
Google;4;
Google;5;
Google;6;
Google;7;31.624
Google;8;68.395
Google;9;72.138
Google;10;73.936
Google;11;82.130
Google;12;63.069
Google;13;25.426
Google;1;2.640
Google;2;189.688
Google;3;61.434
Google;4;
Google;5;
Google;6;
Google;7;97.476
Google;8;58.934
Google;9;32.492
Google;10;32.225
Google;11;63.715
Google;12;32.277
Google;13;36.198
Google;1;2.266
Google;2;42.009
Google;3;42.873
Google;4;
Google;5;
Google;6;
Google;7;37.650
Google;8;50.257
Google;9;30.481
Google;10;43.313
Google;11;53.270
Google;12;38.255
Google;13;63.545
Google;1;2.356
Google;2;241.269
Google;3;132.651
Google;4;
Google;5;
Google;6;
Google;7;27.007
Google;8;28.123
Google;9;122.207
Google;10;43.320
Google;11;48.274
Google;12;38.252
Google;13;38.506
Google;1;2.365
Google;2;36.495
Google;3;51.512
Google;4;
Google;5;
Google;6;
Google;7;49.222
Google;8;64.225
Google;9;49.121
Google;10;57.790
Google;11;48.550
Google;12;56.256
Google;13;30.448
Google;1;21.194
Google;2;45.543
Google;3;217.091
Google;4;
Google;5;44.733
Google;6;
Google;7;60.521
Google;8;27.364
Google;9;49.941
Google;10;48.443
Google;11;46.942
Google;12;29.085
Google;13;36.457
Google;1;2.814
Google;2;93.460
Google;3;244.623
Google;4;
Google;5;
Google;6;
Google;7;60.607
Google;8;41.994
Google;9;50.715
Google;10;29.906
Google;11;59.332
Google;12;38.478
Google;13;32.494
Google;1;3.072
Google;2;33.927
Google;3;35.175
Google;4;
Google;5;35.287
Google;6;
Google;7;52.377
Google;8;52.384
Google;9;45.605
Google;10;48.497
Google;11;58.820
Google;12;30.741
Google;13;55.458
Google;1;2.454
Google;2;222.980
Google;3;214.945
Google;4;
Google;5;
Google;6;
Google;7;29.534
Google;8;56.338
Google;9;65.306
Google;10;59.952
Google;11;51.103
Google;12;43.663
Google;13;52.022
Google;1;2.246
Google;2;43.558
Google;3;24.327
Google;4;
Google;5;
Google;6;
Google;7;45.169
Google;8;34.022
Google;9;73.456
Google;10;29.643
Google;11;48.860
Google;12;48.802
Google;13;36.308
Comodo;1;2.413
Comodo;2;20.633
Comodo;3;28.025
Comodo;4;0
Comodo;5;0
Comodo;6;0
Comodo;7;23.199
Comodo;8;101.995
Comodo;9;53.289
Comodo;10;22.900
Comodo;11;0
Comodo;12;58.091
Comodo;13;0
Comodo;14;0
Comodo;15;0
Comodo;16;77.829
Comodo;1;2.699
Comodo;2;70.165
Comodo;3;80.879
Comodo;4;0
Comodo;5;0
Comodo;6;0
Comodo;7;138.973
Comodo;8;37.246
Comodo;9;43.742
Comodo;10;72.127
Comodo;11;0
Comodo;12;57.983
Comodo;13;0
Comodo;14;0
Comodo;15;0
Comodo;16;31.878
Comodo;1;2.288
Comodo;2;28.763
Comodo;3;68.882
Comodo;4;0
Comodo;5;57.078
Comodo;6;0
Comodo;7;70.314
Comodo;8;70.480
Comodo;9;61.940
Comodo;10;62.135
Comodo;11;0
Comodo;12;85.062
Comodo;13;0
Comodo;14;0
Comodo;15;0
Comodo;16;0
Comodo;17;0
Comodo;18;89.656
Comodo;1;2.863
Comodo;2;51.239
Comodo;3;36.323
Comodo;4;0
Comodo;5;0
Comodo;6;0
Comodo;7;39.402
Comodo;8;62.875
Comodo;9;92.732
Comodo;10;73.735
Comodo;11;0
Comodo;12;39.854
Comodo;13;0
Comodo;14;0
Comodo;15;0
Comodo;16;63.372
Comodo;1;2.375
Comodo;2;64.716
Comodo;3;254.649
Comodo;4;0
Comodo;5;0
Comodo;6;0
Comodo;7;47.427
Comodo;8;27.173
Comodo;9;43.485
Comodo;10;42.622
Comodo;11;0
Comodo;12;92.972
Comodo;13;0
Comodo;14;0
Comodo;15;0
Comodo;16;0
Comodo;17;52.737
Comodo;1;2.283
Comodo;2;28.514
Comodo;3;154.736
Comodo;4;0
Comodo;5;142.137
Comodo;6;0
Comodo;7;44.362
Comodo;8;56.203
Comodo;9;56.124
Comodo;10;79.885
Comodo;11;0
Comodo;12;45.379
Comodo;13;0
Comodo;14;0
Comodo;15;0
Comodo;16;0
Comodo;17;76.914
Comodo;1;2.558
Comodo;2;221.268
Comodo;3;271.196
Comodo;4;0
Comodo;5;0
Comodo;6;0
Comodo;7;76.728
Comodo;8;69.761
Comodo;9;71.647
Comodo;10;36.646
Comodo;11;0
Comodo;12;93.625
Comodo;13;0
Comodo;14;0
Comodo;15;0
Comodo;16;0
Comodo;17;90.518
Comodo;1;2.749
Comodo;2;53.894
Comodo;3;45.306
Comodo;4;0
Comodo;5;0
Comodo;6;0
Comodo;7;72.257
Comodo;8;53.793
Comodo;9;64.513
Comodo;10;91.202
Comodo;11;0
Comodo;12;51.881
Comodo;13;0
Comodo;14;0
Comodo;15;0
Comodo;16;72.601
Comodo;1;2.371
Comodo;2;30.369
Comodo;3;22.593
Comodo;4;0
Comodo;5;57.643
Comodo;6;0
Comodo;7;46.282
Comodo;8;48.859
Comodo;9;70.556
Comodo;10;73.067
Comodo;11;0
Comodo;12;79.838
Comodo;13;0
Comodo;14;0
Comodo;15;0
Comodo;16;79.491
Comodo;1;2.849
Comodo;2;188.219
Comodo;3;69.579
Comodo;4;0
Comodo;5;213.734
Comodo;6;0
Comodo;7;24.205
Comodo;8;348.312
Comodo;9;59.805
Comodo;10;99.744
Comodo;11;0
Comodo;12;90.570
Comodo;13;0
Comodo;14;0
Comodo;15;0
Comodo;16;0
Comodo;17;81.911
Comodo;1;2.680
Comodo;2;70.482
Comodo;3;271.857
Comodo;4;0
Comodo;5;0
Comodo;6;0
Comodo;7;73.023
Comodo;8;68.538
Comodo;9;61.940
Comodo;10;72.874
Comodo;11;0
Comodo;12;54.439
Comodo;13;0
Comodo;14;0
Comodo;15;0
Comodo;16;0
Comodo;17;81.831
Comodo;1;3.361
Comodo;2;79.387
Comodo;3;93.151
Comodo;4;0
Comodo;5;0
Comodo;6;0
Comodo;7;61.625
Comodo;8;70.886
Comodo;9;84.034
Comodo;10;45.117
Comodo;11;0
Comodo;12;86.471
Comodo;13;0
Comodo;14;0
Comodo;15;0
Comodo;16;99.247
Comodo;1;2.991
Comodo;2;333.118
Comodo;3;62.546
Comodo;4;0
Comodo;5;79.070
Comodo;6;0
Comodo;7;28.606
Comodo;8;77.512
Comodo;9;66.580
Comodo;10;91.027
Comodo;11;0
Comodo;12;63.271
Comodo;13;0
Comodo;14;0
Comodo;15;0
Comodo;16;60.378
Comodo;1;2.515
Comodo;2;39.413
Comodo;3;149.427
Comodo;4;0
Comodo;5;0
Comodo;6;0
Comodo;7;46.466
Comodo;8;87.881
Comodo;9;73.028
Comodo;10;56.788
Comodo;11;0
Comodo;12;76.473
Comodo;13;0
Comodo;14;0
Comodo;15;0
Comodo;16;82.540
Comodo;1;2.774
Comodo;2;55.482
Comodo;3;78.192
Comodo;4;0
Comodo;5;48.590
Comodo;6;0
Comodo;7;35.278
Comodo;8;53.851
Comodo;9;70.494
Comodo;10;82.294
Comodo;11;0
Comodo;12;42.940
Comodo;13;0
Comodo;14;0
Comodo;15;0
Comodo;16;81.999
Comodo;1;2.920
Comodo;2;81.057
Comodo;3;25.788
Comodo;4;0
Comodo;5;0
Comodo;6;0
Comodo;7;66.005
Comodo;8;43.562
Comodo;9;73.055
Comodo;10;87.080
Comodo;11;0
Comodo;12;91.478
Comodo;13;0
Comodo;14;0
Comodo;15;0
Comodo;16;101.818
Comodo;1;2.654
Comodo;2;75.626
Comodo;3;54.424
Comodo;4;0
Comodo;5;0
Comodo;6;0
Comodo;7;74.960
Comodo;8;69.872
Comodo;9;75.342
Comodo;10;70.697
Comodo;11;0
Comodo;12;91.132
Comodo;13;0
Comodo;14;0
Comodo;15;0
Comodo;16;85.413
Comodo;1;2.677
Comodo;2;52.657
Comodo;3;265.718
Comodo;4;0
Comodo;5;0
Comodo;6;0
Comodo;7;80.177
Comodo;8;68.624
Comodo;9;73.830
Comodo;10;68.794
Comodo;11;0
Comodo;12;60.274
Comodo;13;0
Comodo;14;0
Comodo;15;0
Comodo;16;88.743
Comodo;1;2.804
Comodo;2;83.522
Comodo;3;47.210
Comodo;4;0
Comodo;5;0
Comodo;6;0
Comodo;7;88.258
Comodo;8;169.794
Comodo;9;73.601
Comodo;10;28.488
Comodo;11;0
Comodo;12;74.637
Comodo;13;0
Comodo;14;0
Comodo;15;0
Comodo;16;80.280
Comodo;1;2.749
Comodo;2;63.781
Comodo;3;65.755
Comodo;4;0
Comodo;5;0
Comodo;6;0
Comodo;7;77.491
Comodo;8;62.129
Comodo;9;47.033
Comodo;10;67.096
Comodo;11;0
Comodo;12;71.925
Comodo;13;0
Comodo;14;0
Comodo;15;0
Comodo;16;58.849
Comodo;1;2.820
Comodo;2;50.188
Comodo;3;63.244
Comodo;4;0
Comodo;5;0
Comodo;6;0
Comodo;7;65.902
Comodo;8;66.359
Comodo;9;77.704
Comodo;10;98.585
Comodo;11;0
Comodo;12;83.586
Comodo;13;0
Comodo;14;0
Comodo;15;0
Comodo;16;0
Comodo;17;63.039
Comodo;1;2.538
Comodo;2;69.753
Comodo;3;70.058
Comodo;4;0
Comodo;5;0
Comodo;6;0
Comodo;7;30.230
Comodo;8;53.662
Comodo;9;43.017
Comodo;10;81.840
Comodo;11;0
Comodo;12;59.274
Comodo;13;0
Comodo;14;0
Comodo;15;0
Comodo;16;57.995
Comodo;1;2.786
Comodo;2;73.369
Comodo;3;287.631
Comodo;4;0
Comodo;5;0
Comodo;6;0
Comodo;7;50.822
Comodo;8;50.896
Comodo;9;48.955
Comodo;10;48.738
Comodo;11;0
Comodo;12;55.452
Comodo;13;0
Comodo;14;0
Comodo;15;0
Comodo;16;0
Comodo;17;0
Comodo;18;89.099
Comodo;1;2.859
Comodo;2;180.440
Comodo;3;81.852
Comodo;4;0
Comodo;5;0
Comodo;6;0
Comodo;7;83.498
Comodo;8;21.294
Comodo;9;73.070
Comodo;10;69.885
Comodo;11;0
Comodo;12;165.199
Comodo;13;0
Comodo;14;0
Comodo;15;0
Comodo;16;90.998
Comodo;1;2.613
Comodo;2;65.462
Comodo;3;145.865
Comodo;4;0
Comodo;5;0
Comodo;6;0
Comodo;7;49.583
Comodo;8;50.192
Comodo;9;59.483
Comodo;10;45.661
Comodo;11;0
Comodo;12;92.576
Comodo;13;0
Comodo;14;0
Comodo;15;0
Comodo;16;0
Comodo;17;62.362
Comodo;1;2.634
Comodo;2;73.418
Comodo;3;44.440
Comodo;4;0
Comodo;5;0
Comodo;6;0
Comodo;7;68.410
Comodo;8;53.307
Comodo;9;58.622
Comodo;10;59.695
Comodo;11;0
Comodo;12;66.889
Comodo;13;0
Comodo;14;0
Comodo;15;0
Comodo;16;59.707
Comodo;1;2.686
Comodo;2;280.679
Comodo;3;63.596
Comodo;4;0
Comodo;5;0
Comodo;6;0
Comodo;7;41.423
Comodo;8;70.023
Comodo;9;42.405
Comodo;10;42.626
Comodo;11;0
Comodo;12;107.860
Comodo;13;0
Comodo;14;0
Comodo;15;0
Comodo;16;0
Comodo;17;0
Comodo;18;72.809
Comodo;1;2.904
Comodo;2;70.336
Comodo;3;159.731
Comodo;4;0
Comodo;5;0
Comodo;6;0
Comodo;7;64.648
Comodo;8;20.557
Comodo;9;46.486
Comodo;10;147.967
Comodo;11;0
Comodo;12;72.625
Comodo;13;0
Comodo;14;0
Comodo;15;0
Comodo;16;97.210
Comodo;1;2.651
Comodo;2;69.238
Comodo;3;149.505
Comodo;4;0
Comodo;5;0
Comodo;6;0
Comodo;7;73.539
Comodo;8;63.420
Comodo;9;74.932
Comodo;10;61.185
Comodo;11;0
Comodo;12;73.698
Comodo;13;0
Comodo;14;0
Comodo;15;0
Comodo;16;89.645
Comodo;1;2.776
Comodo;2;60.514
Comodo;3;60.749
Comodo;4;0
Comodo;5;0
Comodo;6;0
Comodo;7;73.945
Comodo;8;72.587
Comodo;9;73.928
Comodo;10;79.300
Comodo;11;0
Comodo;12;86.961
Comodo;13;0
Comodo;14;0
Comodo;15;0
Comodo;16;89.731
Comodo;1;2.874
Comodo;2;182.796
Comodo;3;77.529
Comodo;4;0
Comodo;5;0
Comodo;6;0
Comodo;7;40.591
Comodo;8;36.414
Comodo;9;54.270
Comodo;10;60.067
Comodo;11;0
Comodo;12;99.614
Comodo;13;0
Comodo;14;0
Comodo;15;0
Comodo;16;67.155
Comodo;1;2.691
Comodo;2;292.299
Comodo;3;50.663
Comodo;4;0
Comodo;5;0
Comodo;6;0
Comodo;7;73.266
Comodo;8;26.112
Comodo;9;45.605
Comodo;10;65.104
Comodo;11;0
Comodo;12;80.053
Comodo;13;0
Comodo;14;0
Comodo;15;0
Comodo;16;44.791
Comodo;1;2.546
Comodo;2;214.668
Comodo;3;24.200
Comodo;4;0
Comodo;5;0
Comodo;6;0
Comodo;7;52.135
Comodo;8;21.754
Comodo;9;50.385
Comodo;10;63.127
Comodo;11;0
Comodo;12;41.653
Comodo;13;0
Comodo;14;0
Comodo;15;0
Comodo;16;0
Comodo;17;40.276
Comodo;1;2.845
Comodo;2;31.094
Comodo;3;166.046
Comodo;4;0
Comodo;5;26.882
Comodo;6;0
Comodo;7;21.889
Comodo;8;31.972
Comodo;9;27.385
Comodo;10;32.926
Comodo;11;0
Comodo;12;74.777
Comodo;13;0
Comodo;14;0
Comodo;15;0
Comodo;16;33.700
Comodo;1;2.529
Comodo;2;193.108
Comodo;3;29.166
Comodo;4;0
Comodo;5;0
Comodo;6;0
Comodo;7;35.699
Comodo;8;29.513
Comodo;9;23.786
Comodo;10;36.380
Comodo;11;0
Comodo;12;56.731
Comodo;13;0
Comodo;14;0
Comodo;15;0
Comodo;16;32.216
Comodo;1;2.616
Comodo;2;45.427
Comodo;3;35.025
Comodo;4;0
Comodo;5;25.654
Comodo;6;0
Comodo;7;47.566
Comodo;8;52.867
Comodo;9;52.737
Comodo;10;25.802
Comodo;11;0
Comodo;12;35.191
Comodo;13;0
Comodo;14;0
Comodo;15;0
Comodo;16;38.195
Comodo;1;2.486
Comodo;2;43.303
Comodo;3;37.586
Comodo;4;0
Comodo;5;0
Comodo;6;0
Comodo;7;41.827
Comodo;8;22.481
Comodo;9;27.450
Comodo;10;28.753
Comodo;11;0
Comodo;12;44.500
Comodo;13;0
Comodo;14;0
Comodo;15;0
Comodo;16;0
Comodo;17;40.163
Comodo;1;2.691
Comodo;2;31.088
Comodo;3;244.420
Comodo;4;0
Comodo;5;20.619
Comodo;6;0
Comodo;7;30.063
Comodo;8;26.646
Comodo;9;26.590
Comodo;10;30.644
Comodo;11;0
Comodo;12;39.758
Comodo;13;0
Comodo;14;0
Comodo;15;0
Comodo;16;34.005
Comodo;1;2.454
Comodo;2;44.762
Comodo;3;36.364
Comodo;4;0
Comodo;5;0
Comodo;6;0
Comodo;7;23.573
Comodo;8;32.133
Comodo;9;30.913
Comodo;10;29.431
Comodo;11;0
Comodo;12;39.622
Comodo;13;0
Comodo;14;0
Comodo;15;0
Comodo;16;42.299
Comodo;1;2.630
Comodo;2;42.414
Comodo;3;42.225
Comodo;4;0
Comodo;5;0
Comodo;6;0
Comodo;7;27.009
Comodo;8;35.459
Comodo;9;37.265
Comodo;10;39.418
Comodo;11;0
Comodo;12;51.933
Comodo;13;0
Comodo;14;0
Comodo;15;0
Comodo;16;35.699
Comodo;1;2.476
Comodo;2;41.203
Comodo;3;42.957
Comodo;4;0
Comodo;5;0
Comodo;6;0
Comodo;7;43.033
Comodo;8;41.553
Comodo;9;25.600
Comodo;10;24.730
Comodo;11;0
Comodo;12;30.556
Comodo;13;0
Comodo;14;0
Comodo;15;0
Comodo;16;36.564
Comodo;1;4.245
Comodo;2;43.040
Comodo;3;29.206
Comodo;4;0
Comodo;5;0
Comodo;6;0
Comodo;7;22.617
Comodo;8;49.071
Comodo;9;27.466
Comodo;10;33.583
Comodo;11;0
Comodo;12;49.799
Comodo;13;0
Comodo;14;0
Comodo;15;0
Comodo;16;50.615
Comodo;1;3.675
Comodo;2;50.807
Comodo;3;41.205
Comodo;4;0
Comodo;5;0
Comodo;6;0
Comodo;7;25.872
Comodo;8;25.259
Comodo;9;29.577
Comodo;10;23.148
Comodo;11;0
Comodo;12;68.281
Comodo;13;0
Comodo;14;0
Comodo;15;0
Comodo;16;52.655
Comodo;1;2.468
Comodo;2;171.874
Comodo;3;23.362
Comodo;4;0
Comodo;5;0
Comodo;6;0
Comodo;7;42.308
Comodo;8;37.407
Comodo;9;40.705
Comodo;10;33.144
Comodo;11;0
Comodo;12;73.464
Comodo;13;0
Comodo;14;0
Comodo;15;0
Comodo;16;62.679
Comodo;1;3.804
Comodo;2;48.296
Comodo;3;37.629
Comodo;4;0
Comodo;5;0
Comodo;6;0
Comodo;7;22.371
Comodo;8;26.970
Comodo;9;44.050
Comodo;10;25.365
Comodo;11;0
Comodo;12;75.482
Comodo;13;0
Comodo;14;0
Comodo;15;0
Comodo;16;57.295
Comodo;1;2.589
Comodo;2;261.059
Comodo;3;268.109
Comodo;4;0
Comodo;5;0
Comodo;6;0
Comodo;7;28.821
Comodo;8;47.730
Comodo;9;31.640
Comodo;10;25.020
Comodo;11;0
Comodo;12;50.218
Comodo;13;0
Comodo;14;0
Comodo;15;0
Comodo;16;48.155
Comodo;1;2.701
Comodo;2;34.649
Comodo;3;21.906
Comodo;4;0
Comodo;5;0
Comodo;6;0
Comodo;7;27.260
Comodo;8;23.321
Comodo;9;32.931
Comodo;10;31.827
Comodo;11;0
Comodo;12;43.370
Comodo;13;0
Comodo;14;0
Comodo;15;0
Comodo;16;32.570
Comodo;1;2.784
Comodo;2;20.463
Comodo;3;23.843
Comodo;4;0
Comodo;5;19.316
Comodo;6;0
Comodo;7;31.032
Comodo;8;22.813
Comodo;9;21.612
Comodo;10;37.771
Comodo;11;0
Comodo;12;42.102
Comodo;13;0
Comodo;14;0
Comodo;15;0
Comodo;16;45.044
Comodo;1;2.494
Comodo;2;33.093
Comodo;3;244.741
Comodo;4;0
Comodo;5;0
Comodo;6;0
Comodo;7;44.912
Comodo;8;45.216
Comodo;9;29.201
Comodo;10;25.202
Comodo;11;0
Comodo;12;37.936
Comodo;13;0
Comodo;14;0
Comodo;15;0
Comodo;16;39.193
Comodo;1;2.426
Comodo;2;34.411
Comodo;3;39.734
Comodo;4;0
Comodo;5;0
Comodo;6;0
Comodo;7;45.219
Comodo;8;68.777
Comodo;9;33.089
Comodo;10;30.157
Comodo;11;0
Comodo;12;42.688
Comodo;13;0
Comodo;14;0
Comodo;15;0
Comodo;16;33.293
OpenDNS;1;2.641
OpenDNS;2;279.577
OpenDNS;3;80.247
OpenDNS;4;0
OpenDNS;5;65.521
OpenDNS;6;0
OpenDNS;7;187.830
OpenDNS;8;76.753
OpenDNS;9;76.375
OpenDNS;10;41.041
OpenDNS;11;46.855
OpenDNS;12;0
OpenDNS;13;0
OpenDNS;14;0
OpenDNS;15;0
OpenDNS;16;0
OpenDNS;1;2.595
OpenDNS;2;93.569
OpenDNS;3;184.310
OpenDNS;4;0
OpenDNS;5;52.711
OpenDNS;6;0
OpenDNS;7;80.029
OpenDNS;8;93.202
OpenDNS;9;88.269
OpenDNS;10;65.345
OpenDNS;11;104.765
OpenDNS;1;2.814
OpenDNS;2;286.204
OpenDNS;3;74.352
OpenDNS;4;0
OpenDNS;5;0
OpenDNS;6;0
OpenDNS;7;60.000
OpenDNS;8;45.586
OpenDNS;9;90.984
OpenDNS;10;59.987
OpenDNS;11;182.089
OpenDNS;1;2.531
OpenDNS;2;87.540
OpenDNS;3;81.146
OpenDNS;4;0
OpenDNS;5;0
OpenDNS;6;0
OpenDNS;7;67.723
OpenDNS;8;81.020
OpenDNS;9;58.538
OpenDNS;10;78.329
OpenDNS;11;96.370
OpenDNS;1;2.316
OpenDNS;2;83.539
OpenDNS;3;69.330
OpenDNS;4;0
OpenDNS;5;44.194
OpenDNS;6;0
OpenDNS;7;81.070
OpenDNS;8;62.801
OpenDNS;9;54.911
OpenDNS;10;70.788
OpenDNS;11;82.098
OpenDNS;1;2.591
OpenDNS;2;238.289
OpenDNS;3;27.294
OpenDNS;4;0
OpenDNS;5;0
OpenDNS;6;0
OpenDNS;7;65.421
OpenDNS;8;67.846
OpenDNS;9;92.257
OpenDNS;10;71.557
OpenDNS;11;96.379
OpenDNS;1;2.520
OpenDNS;2;229.481
OpenDNS;3;89.282
OpenDNS;4;0
OpenDNS;5;0
OpenDNS;6;0
OpenDNS;7;85.761
OpenDNS;8;78.145
OpenDNS;9;70.158
OpenDNS;10;39.505
OpenDNS;11;79.827
OpenDNS;1;2.508
OpenDNS;2;80.517
OpenDNS;3;132.285
OpenDNS;4;0
OpenDNS;5;0
OpenDNS;6;0
OpenDNS;7;76.664
OpenDNS;8;36.921
OpenDNS;9;50.101
OpenDNS;10;67.145
OpenDNS;11;83.288
OpenDNS;1;2.435
OpenDNS;2;208.401
OpenDNS;3;75.510
OpenDNS;4;0
OpenDNS;5;0
OpenDNS;6;0
OpenDNS;7;51.408
OpenDNS;8;61.663
OpenDNS;9;95.860
OpenDNS;10;69.725
OpenDNS;11;120.677
OpenDNS;1;2.505
OpenDNS;2;191.831
OpenDNS;3;263.709
OpenDNS;4;0
OpenDNS;5;0
OpenDNS;6;0
OpenDNS;7;52.736
OpenDNS;8;70.520
OpenDNS;9;23.636
OpenDNS;10;51.622
OpenDNS;11;89.997
OpenDNS;1;2.429
OpenDNS;2;82.319
OpenDNS;3;269.253
OpenDNS;4;0
OpenDNS;5;44.994
OpenDNS;6;0
OpenDNS;7;44.214
OpenDNS;8;80.741
OpenDNS;9;75.170
OpenDNS;10;89.584
OpenDNS;11;92.213
OpenDNS;1;2.169
OpenDNS;2;283.584
OpenDNS;3;192.832
OpenDNS;4;0
OpenDNS;5;0
OpenDNS;6;0
OpenDNS;7;83.903
OpenDNS;8;80.546
OpenDNS;9;35.369
OpenDNS;10;72.616
OpenDNS;11;75.753
OpenDNS;1;2.901
OpenDNS;2;217.333
OpenDNS;3;90.111
OpenDNS;4;0
OpenDNS;5;0
OpenDNS;6;0
OpenDNS;7;21.862
OpenDNS;8;60.783
OpenDNS;9;69.396
OpenDNS;10;70.966
OpenDNS;11;97.288
OpenDNS;1;2.586
OpenDNS;2;289.373
OpenDNS;3;208.027
OpenDNS;4;0
OpenDNS;5;0
OpenDNS;6;0
OpenDNS;7;83.624
OpenDNS;8;60.955
OpenDNS;9;61.318
OpenDNS;10;66.131
OpenDNS;11;76.009
OpenDNS;1;2.514
OpenDNS;2;257.156
OpenDNS;3;55.947
OpenDNS;4;0
OpenDNS;5;0
OpenDNS;6;0
OpenDNS;7;64.305
OpenDNS;8;81.288
OpenDNS;9;57.696
OpenDNS;10;34.609
OpenDNS;11;92.030
OpenDNS;1;2.633
OpenDNS;2;66.371
OpenDNS;3;147.916
OpenDNS;4;0
OpenDNS;5;0
OpenDNS;6;0
OpenDNS;7;62.836
OpenDNS;8;48.386
OpenDNS;9;39.095
OpenDNS;10;31.391
OpenDNS;11;157.349
OpenDNS;1;2.421
OpenDNS;2;244.646
OpenDNS;3;176.791
OpenDNS;4;0
OpenDNS;5;0
OpenDNS;6;0
OpenDNS;7;47.217
OpenDNS;8;84.651
OpenDNS;9;72.016
OpenDNS;10;68.740
OpenDNS;11;103.961
OpenDNS;1;2.416
OpenDNS;2;103.150
OpenDNS;3;294.416
OpenDNS;4;0
OpenDNS;5;0
OpenDNS;6;0
OpenDNS;7;55.801
OpenDNS;8;53.698
OpenDNS;9;63.477
OpenDNS;10;94.371
OpenDNS;11;94.305
OpenDNS;1;2.561
OpenDNS;2;290.198
OpenDNS;3;178.770
OpenDNS;4;0
OpenDNS;5;0
OpenDNS;6;0
OpenDNS;7;69.633
OpenDNS;8;77.802
OpenDNS;9;61.293
OpenDNS;10;71.852
OpenDNS;11;86.738
OpenDNS;1;2.623
OpenDNS;2;74.423
OpenDNS;3;255.456
OpenDNS;4;0
OpenDNS;5;0
OpenDNS;6;0
OpenDNS;7;59.387
OpenDNS;8;57.601
OpenDNS;9;62.142
OpenDNS;10;62.594
OpenDNS;11;103.949
OpenDNS;1;2.633
OpenDNS;2;257.462
OpenDNS;3;237.831
OpenDNS;4;0
OpenDNS;5;0
OpenDNS;6;0
OpenDNS;7;90.544
OpenDNS;8;66.281
OpenDNS;9;76.358
OpenDNS;10;56.586
OpenDNS;11;86.241
OpenDNS;1;2.331
OpenDNS;2;64.903
OpenDNS;3;86.366
OpenDNS;4;0
OpenDNS;5;0
OpenDNS;6;0
OpenDNS;7;72.247
OpenDNS;8;110.607
OpenDNS;9;90.321
OpenDNS;10;76.158
OpenDNS;11;64.122
OpenDNS;1;2.494
OpenDNS;2;78.059
OpenDNS;3;78.441
OpenDNS;4;0
OpenDNS;5;0
OpenDNS;6;0
OpenDNS;7;92.444
OpenDNS;8;47.029
OpenDNS;9;81.147
OpenDNS;10;72.621
OpenDNS;11;88.354
OpenDNS;1;2.708
OpenDNS;2;157.538
OpenDNS;3;300.859
OpenDNS;4;0
OpenDNS;5;0
OpenDNS;6;0
OpenDNS;7;62.814
OpenDNS;8;62.404
OpenDNS;9;36.599
OpenDNS;10;82.655
OpenDNS;11;76.557
OpenDNS;1;2.545
OpenDNS;2;66.126
OpenDNS;3;69.427
OpenDNS;4;0
OpenDNS;5;0
OpenDNS;6;0
OpenDNS;7;76.148
OpenDNS;8;26.197
OpenDNS;9;62.571
OpenDNS;10;73.752
OpenDNS;11;57.418
OpenDNS;1;2.455
OpenDNS;2;269.267
OpenDNS;3;72.108
OpenDNS;4;0
OpenDNS;5;0
OpenDNS;6;0
OpenDNS;7;67.915
OpenDNS;8;78.950
OpenDNS;9;98.689
OpenDNS;10;74.235
OpenDNS;11;79.985
OpenDNS;1;2.628
OpenDNS;2;64.833
OpenDNS;3;166.071
OpenDNS;4;0
OpenDNS;5;0
OpenDNS;6;0
OpenDNS;7;72.676
OpenDNS;8;83.078
OpenDNS;9;75.142
OpenDNS;10;90.358
OpenDNS;11;107.928
OpenDNS;1;2.509
OpenDNS;2;27.141
OpenDNS;3;248.924
OpenDNS;4;0
OpenDNS;5;0
OpenDNS;6;0
OpenDNS;7;54.327
OpenDNS;8;44.141
OpenDNS;9;52.443
OpenDNS;10;71.553
OpenDNS;11;111.947
OpenDNS;1;2.506
OpenDNS;2;60.786
OpenDNS;3;102.839
OpenDNS;4;0
OpenDNS;5;82.252
OpenDNS;6;0
OpenDNS;7;53.378
OpenDNS;8;24.210
OpenDNS;9;75.175
OpenDNS;10;49.469
OpenDNS;11;73.699
OpenDNS;1;2.438
OpenDNS;2;260.154
OpenDNS;3;232.853
OpenDNS;4;0
OpenDNS;5;0
OpenDNS;6;0
OpenDNS;7;52.885
OpenDNS;8;83.017
OpenDNS;9;92.299
OpenDNS;10;99.237
OpenDNS;11;74.991
OpenDNS;1;2.493
OpenDNS;2;160.109
OpenDNS;3;233.301
OpenDNS;4;0
OpenDNS;5;0
OpenDNS;6;0
OpenDNS;7;76.481
OpenDNS;8;79.366
OpenDNS;9;74.971
OpenDNS;10;58.949
OpenDNS;11;75.183
OpenDNS;1;2.601
OpenDNS;2;62.486
OpenDNS;3;73.331
OpenDNS;4;0
OpenDNS;5;53.991
OpenDNS;6;0
OpenDNS;7;85.049
OpenDNS;8;77.974
OpenDNS;9;46.077
OpenDNS;10;69.327
OpenDNS;11;73.985
OpenDNS;1;2.551
OpenDNS;2;77.861
OpenDNS;3;260.139
OpenDNS;4;0
OpenDNS;5;0
OpenDNS;6;0
OpenDNS;7;69.775
OpenDNS;8;53.836
OpenDNS;9;77.969
OpenDNS;10;82.535
OpenDNS;11;101.066
OpenDNS;1;2.794
OpenDNS;2;48.607
OpenDNS;3;34.375
OpenDNS;4;0
OpenDNS;5;0
OpenDNS;6;0
OpenDNS;7;72.458
OpenDNS;8;89.760
OpenDNS;9;82.049
OpenDNS;10;75.267
OpenDNS;11;123.971
OpenDNS;1;2.289
OpenDNS;2;288.384
OpenDNS;3;49.267
OpenDNS;4;0
OpenDNS;5;0
OpenDNS;6;0
OpenDNS;7;76.597
OpenDNS;8;57.418
OpenDNS;9;80.452
OpenDNS;10;72.221
OpenDNS;11;120.586
OpenDNS;1;2.509
OpenDNS;2;187.987
OpenDNS;3;168.938
OpenDNS;4;0
OpenDNS;5;0
OpenDNS;6;0
OpenDNS;7;65.754
OpenDNS;8;65.828
OpenDNS;9;72.328
OpenDNS;10;39.844
OpenDNS;11;106.948
OpenDNS;1;2.736
OpenDNS;2;115.781
OpenDNS;3;271.217
OpenDNS;4;0
OpenDNS;5;82.694
OpenDNS;6;0
OpenDNS;7;59.338
OpenDNS;8;56.811
OpenDNS;9;63.612
OpenDNS;10;83.991
OpenDNS;11;94.953
OpenDNS;1;2.614
OpenDNS;2;181.787
OpenDNS;3;274.104
OpenDNS;4;0
OpenDNS;5;0
OpenDNS;6;0
OpenDNS;7;76.145
OpenDNS;8;57.743
OpenDNS;9;67.335
OpenDNS;10;86.642
OpenDNS;11;104.848
OpenDNS;1;2.607
OpenDNS;2;186.953
OpenDNS;3;227.811
OpenDNS;4;0
OpenDNS;5;0
OpenDNS;6;0
OpenDNS;7;70.480
OpenDNS;8;64.162
OpenDNS;9;78.038
OpenDNS;10;68.995
OpenDNS;11;72.207
OpenDNS;1;2.533
OpenDNS;2;179.424
OpenDNS;3;271.286
OpenDNS;4;0
OpenDNS;5;0
OpenDNS;6;0
OpenDNS;7;83.086
OpenDNS;8;65.638
OpenDNS;9;28.327
OpenDNS;10;38.609
OpenDNS;11;117.153
OpenDNS;1;2.440
OpenDNS;2;89.600
OpenDNS;3;85.039
OpenDNS;4;0
OpenDNS;5;100.297
OpenDNS;6;0
OpenDNS;7;78.392
OpenDNS;8;68.451
OpenDNS;9;51.809
OpenDNS;10;78.824
OpenDNS;11;75.693
OpenDNS;1;2.563
OpenDNS;2;178.460
OpenDNS;3;272.345
OpenDNS;4;0
OpenDNS;5;0
OpenDNS;6;0
OpenDNS;7;82.587
OpenDNS;8;72.587
OpenDNS;9;89.758
OpenDNS;10;74.050
OpenDNS;11;97.490
OpenDNS;1;2.648
OpenDNS;2;82.625
OpenDNS;3;143.443
OpenDNS;4;0
OpenDNS;5;0
OpenDNS;6;0
OpenDNS;7;66.795
OpenDNS;8;160.703
OpenDNS;9;57.849
OpenDNS;10;68.827
OpenDNS;11;91.404
OpenDNS;1;2.639
OpenDNS;2;313.444
OpenDNS;3;66.751
OpenDNS;4;0
OpenDNS;5;0
OpenDNS;6;0
OpenDNS;7;70.417
OpenDNS;8;62.640
OpenDNS;9;78.372
OpenDNS;10;66.192
OpenDNS;11;70.777
OpenDNS;1;2.493
OpenDNS;2;59.847
OpenDNS;3;204.055
OpenDNS;4;0
OpenDNS;5;0
OpenDNS;6;0
OpenDNS;7;92.397
OpenDNS;8;65.376
OpenDNS;9;45.610
OpenDNS;10;68.780
OpenDNS;11;58.673
OpenDNS;1;4.149
OpenDNS;2;87.881
OpenDNS;3;47.979
OpenDNS;4;0
OpenDNS;5;41.092
OpenDNS;6;0
OpenDNS;7;58.796
OpenDNS;8;50.381
OpenDNS;9;54.130
OpenDNS;10;46.048
OpenDNS;11;64.038
OpenDNS;1;2.627
OpenDNS;2;58.926
OpenDNS;3;80.500
OpenDNS;4;0
OpenDNS;5;0
OpenDNS;6;0
OpenDNS;7;45.468
OpenDNS;8;65.452
OpenDNS;9;56.264
OpenDNS;10;66.375
OpenDNS;11;87.360
OpenDNS;1;2.387
OpenDNS;2;27.140
OpenDNS;3;66.435
OpenDNS;4;0
OpenDNS;5;63.926
OpenDNS;6;0
OpenDNS;7;63.859
OpenDNS;8;73.782
OpenDNS;9;73.264
OpenDNS;10;57.936
OpenDNS;11;46.210
OpenDNS;1;2.312
OpenDNS;2;64.597
OpenDNS;3;265.795
OpenDNS;4;0
OpenDNS;5;0
OpenDNS;6;0
OpenDNS;7;57.904
OpenDNS;8;75.242
OpenDNS;9;21.767
OpenDNS;10;34.198
OpenDNS;11;92.858
OpenDNS;1;2.368
OpenDNS;2;260.410
OpenDNS;3;72.282
OpenDNS;4;0
OpenDNS;5;68.586
OpenDNS;6;0
OpenDNS;7;30.413
OpenDNS;8;67.550
OpenDNS;9;50.336
OpenDNS;10;20.699
OpenDNS;11;72.118
Quad9;1;2.514
Quad9;2;29.466
Quad9;3;50.475
Quad9;4;0
Quad9;5;0
Quad9;6;0
Quad9;7;31.500
Quad9;8;70.073
Quad9;9;53.080
Quad9;10;53.057
Quad9;11;41.830
Quad9;12;39.107
Quad9;1;2.788
Quad9;2;242.252
Quad9;3;71.630
Quad9;4;0
Quad9;5;0
Quad9;6;0
Quad9;7;65.569
Quad9;8;47.809
Quad9;9;30.391
Quad9;10;92.351
Quad9;11;91.793
Quad9;12;43.854
Quad9;1;2.646
Quad9;2;158.017
Quad9;3;217.722
Quad9;4;0
Quad9;5;0
Quad9;6;0
Quad9;7;45.051
Quad9;8;315.691
Quad9;9;44.921
Quad9;10;91.839
Quad9;11;54.326
Quad9;12;54.969
Quad9;1;2.656
Quad9;2;270.745
Quad9;3;60.776
Quad9;4;0
Quad9;5;0
Quad9;6;0
Quad9;7;58.137
Quad9;8;81.430
Quad9;9;47.293
Quad9;10;66.765
Quad9;11;67.312
Quad9;12;91.740
Quad9;1;2.956
Quad9;2;66.261
Quad9;3;27.285
Quad9;4;0
Quad9;5;71.252
Quad9;6;0
Quad9;7;61.777
Quad9;8;51.740
Quad9;9;61.906
Quad9;10;54.641
Quad9;11;44.311
Quad9;12;56.268
Quad9;1;2.658
Quad9;2;268.884
Quad9;3;49.429
Quad9;4;0
Quad9;5;0
Quad9;6;0
Quad9;7;84.392
Quad9;8;67.725
Quad9;9;68.259
Quad9;10;70.156
Quad9;11;71.354
Quad9;12;66.131
Quad9;1;2.511
Quad9;2;59.814
Quad9;3;100.065
Quad9;4;0
Quad9;5;0
Quad9;6;0
Quad9;7;77.661
Quad9;8;56.412
Quad9;9;71.045
Quad9;10;79.079
Quad9;11;80.866
Quad9;12;39.780
Quad9;1;2.390
Quad9;2;69.095
Quad9;3;159.821
Quad9;4;0
Quad9;5;0
Quad9;6;0
Quad9;7;34.799
Quad9;8;82.345
Quad9;9;73.629
Quad9;10;78.777
Quad9;11;61.249
Quad9;12;75.215
Quad9;1;2.432
Quad9;2;60.470
Quad9;3;231.301
Quad9;4;0
Quad9;5;0
Quad9;6;0
Quad9;7;82.870
Quad9;8;65.031
Quad9;9;80.364
Quad9;10;76.306
Quad9;11;103.376
Quad9;12;83.291
Quad9;1;2.673
Quad9;2;252.461
Quad9;3;41.244
Quad9;4;0
Quad9;5;0
Quad9;6;0
Quad9;7;91.319
Quad9;8;88.541
Quad9;9;40.810
Quad9;10;69.002
Quad9;11;61.117
Quad9;12;67.312
Quad9;1;2.594
Quad9;2;41.749
Quad9;3;71.439
Quad9;4;0
Quad9;5;0
Quad9;6;0
Quad9;7;70.802
Quad9;8;78.959
Quad9;9;78.315
Quad9;10;88.273
Quad9;11;89.608
Quad9;12;48.050
Quad9;1;2.728
Quad9;2;439.043
Quad9;3;80.954
Quad9;4;0
Quad9;5;0
Quad9;6;0
Quad9;7;100.001
Quad9;8;67.324
Quad9;9;78.557
Quad9;10;74.176
Quad9;11;83.622
Quad9;12;90.693
Quad9;1;2.651
Quad9;2;146.184
Quad9;3;116.692
Quad9;4;0
Quad9;5;0
Quad9;6;0
Quad9;7;77.723
Quad9;8;73.113
Quad9;9;71.944
Quad9;10;74.678
Quad9;11;102.748
Quad9;12;86.909
Quad9;1;2.504
Quad9;2;71.011
Quad9;3;80.573
Quad9;4;0
Quad9;5;0
Quad9;6;0
Quad9;7;81.079
Quad9;8;70.238
Quad9;9;79.635
Quad9;10;32.109
Quad9;11;111.155
Quad9;12;91.697
Quad9;1;2.371
Quad9;2;92.082
Quad9;3;535.804
Quad9;4;0
Quad9;5;0
Quad9;6;0
Quad9;7;61.265
Quad9;8;59.262
Quad9;9;39.099
Quad9;10;92.371
Quad9;11;82.033
Quad9;12;57.257
Quad9;1;2.513
Quad9;2;52.464
Quad9;3;283.852
Quad9;4;0
Quad9;5;69.967
Quad9;6;0
Quad9;7;51.390
Quad9;8;69.313
Quad9;9;32.706
Quad9;10;86.056
Quad9;11;41.952
Quad9;12;58.136
Quad9;1;2.570
Quad9;2;303.852
Quad9;3;233.982
Quad9;4;0
Quad9;5;0
Quad9;6;0
Quad9;7;70.235
Quad9;8;77.969
Quad9;9;70.880
Quad9;10;64.082
Quad9;11;81.927
Quad9;12;78.817
Quad9;1;2.608
Quad9;2;240.152
Quad9;3;265.389
Quad9;4;0
Quad9;5;0
Quad9;6;0
Quad9;7;89.487
Quad9;8;52.449
Quad9;9;81.132
Quad9;10;73.089
Quad9;11;108.953
Quad9;12;60.112
Quad9;1;2.582
Quad9;2;101.551
Quad9;3;43.537
Quad9;4;0
Quad9;5;76.702
Quad9;6;0
Quad9;7;82.070
Quad9;8;83.917
Quad9;9;49.592
Quad9;10;105.866
Quad9;11;51.019
Quad9;12;72.247
Quad9;1;2.609
Quad9;2;280.454
Quad9;3;200.212
Quad9;4;0
Quad9;5;0
Quad9;6;0
Quad9;7;57.072
Quad9;8;66.048
Quad9;9;33.014
Quad9;10;72.842
Quad9;11;100.145
Quad9;12;100.166
Quad9;1;2.753
Quad9;2;131.529
Quad9;3;80.957
Quad9;4;0
Quad9;5;88.873
Quad9;6;0
Quad9;7;79.358
Quad9;8;76.489
Quad9;9;85.310
Quad9;10;77.241
Quad9;11;76.333
Quad9;12;273.016
Quad9;1;2.425
Quad9;2;279.330
Quad9;3;60.734
Quad9;4;0
Quad9;5;68.687
Quad9;6;0
Quad9;7;36.522
Quad9;8;92.295
Quad9;9;49.091
Quad9;10;0
Quad9;11;65.648
Quad9;12;61.290
Quad9;1;2.548
Quad9;2;38.849
Quad9;3;261.026
Quad9;4;0
Quad9;5;0
Quad9;6;0
Quad9;7;80.724
Quad9;8;57.660
Quad9;9;104.101
Quad9;10;50.385
Quad9;11;41.813
Quad9;12;44.773
Quad9;1;2.630
Quad9;2;179.380
Quad9;3;201.276
Quad9;4;0
Quad9;5;0
Quad9;6;0
Quad9;7;72.400
Quad9;8;112.291
Quad9;9;81.489
Quad9;10;100.901
Quad9;11;129.782
Quad9;12;98.928
Quad9;1;2.819
Quad9;2;78.245
Quad9;3;190.245
Quad9;4;0
Quad9;5;0
Quad9;6;0
Quad9;7;87.614
Quad9;8;62.247
Quad9;9;262.602
Quad9;10;52.683
Quad9;11;119.461
Quad9;12;59.582
Quad9;1;2.654
Quad9;2;242.350
Quad9;3;221.487
Quad9;4;0
Quad9;5;82.743
Quad9;6;0
Quad9;7;70.931
Quad9;8;73.291
Quad9;9;61.425
Quad9;10;91.986
Quad9;11;50.121
Quad9;12;100.358
Quad9;1;2.761
Quad9;2;59.140
Quad9;3;90.876
Quad9;4;0
Quad9;5;0
Quad9;6;0
Quad9;7;287.839
Quad9;8;71.713
Quad9;9;118.068
Quad9;10;83.549
Quad9;11;69.355
Quad9;12;75.518
Quad9;1;2.540
Quad9;2;51.397
Quad9;3;93.403
Quad9;4;0
Quad9;5;101.509
Quad9;6;0
Quad9;7;82.219
Quad9;8;115.868
Quad9;9;62.213
Quad9;10;82.872
Quad9;11;72.652
Quad9;12;105.705
Quad9;1;2.700
Quad9;2;76.722
Quad9;3;83.194
Quad9;4;0
Quad9;5;0
Quad9;6;0
Quad9;7;75.193
Quad9;8;78.245
Quad9;9;99.534
Quad9;10;30.309
Quad9;11;141.805
Quad9;12;57.023
Quad9;1;2.589
Quad9;2;249.582
Quad9;3;280.782
Quad9;4;0
Quad9;5;0
Quad9;6;0
Quad9;7;69.203
Quad9;8;71.411
Quad9;9;60.848
Quad9;10;99.355
Quad9;11;55.888
Quad9;12;74.701
Quad9;1;2.649
Quad9;2;79.440
Quad9;3;70.796
Quad9;4;0
Quad9;5;0
Quad9;6;0
Quad9;7;53.171
Quad9;8;43.363
Quad9;9;70.683
Quad9;10;75.954
Quad9;11;83.660
Quad9;12;84.173
Quad9;1;2.367
Quad9;2;292.814
Quad9;3;224.788
Quad9;4;0
Quad9;5;0
Quad9;6;0
Quad9;7;47.203
Quad9;8;92.856
Quad9;9;27.867
Quad9;10;61.179
Quad9;11;76.710
Quad9;12;39.598
Quad9;1;2.477
Quad9;2;340.736
Quad9;3;241.399
Quad9;4;0
Quad9;5;0
Quad9;6;0
Quad9;7;88.165
Quad9;8;66.497
Quad9;9;55.990
Quad9;10;31.726
Quad9;11;79.616
Quad9;12;81.309
Quad9;1;2.435
Quad9;2;79.794
Quad9;3;71.107
Quad9;4;0
Quad9;5;0
Quad9;6;0
Quad9;7;67.687
Quad9;8;96.034
Quad9;9;76.126
Quad9;10;104.274
Quad9;11;75.170
Quad9;12;360.744
Quad9;1;2.300
Quad9;2;71.635
Quad9;3;105.312
Quad9;4;0
Quad9;5;85.718
Quad9;6;0
Quad9;7;393.998
Quad9;8;82.367
Quad9;9;51.873
Quad9;10;101.644
Quad9;11;65.019
Quad9;12;99.103
Quad9;1;2.384
Quad9;2;91.530
Quad9;3;90.896
Quad9;4;0
Quad9;5;0
Quad9;6;0
Quad9;7;66.535
Quad9;8;69.871
Quad9;9;76.831
Quad9;10;70.920
Quad9;11;106.066
Quad9;12;91.736
Quad9;1;2.570
Quad9;2;81.970
Quad9;3;101.851
Quad9;4;0
Quad9;5;0
Quad9;6;0
Quad9;7;75.383
Quad9;8;76.300
Quad9;9;56.716
Quad9;10;67.066
Quad9;11;75.656
Quad9;12;161.465
Quad9;1;2.532
Quad9;2;42.193
Quad9;3;63.194
Quad9;4;0
Quad9;5;0
Quad9;6;0
Quad9;7;56.902
Quad9;8;48.058
Quad9;9;32.906
Quad9;10;239.725
Quad9;11;73.847
Quad9;12;53.856
Quad9;1;2.608
Quad9;2;277.737
Quad9;3;69.478
Quad9;4;0
Quad9;5;0
Quad9;6;0
Quad9;7;65.390
Quad9;8;63.201
Quad9;9;65.644
Quad9;10;98.338
Quad9;11;70.615
Quad9;12;51.707
Quad9;1;2.547
Quad9;2;86.325
Quad9;3;76.085
Quad9;4;0
Quad9;5;0
Quad9;6;0
Quad9;7;55.537
Quad9;8;66.483
Quad9;9;65.178
Quad9;10;77.832
Quad9;11;74.983
Quad9;12;70.040
Quad9;1;2.680
Quad9;2;240.811
Quad9;3;331.306
Quad9;4;0
Quad9;5;56.740
Quad9;6;0
Quad9;7;77.469
Quad9;8;60.572
Quad9;9;63.466
Quad9;10;44.062
Quad9;11;81.304
Quad9;12;67.982
Quad9;1;2.696
Quad9;2;129.684
Quad9;3;83.004
Quad9;4;0
Quad9;5;0
Quad9;6;0
Quad9;7;70.999
Quad9;8;48.869
Quad9;9;52.067
Quad9;10;77.634
Quad9;11;91.531
Quad9;12;103.352
Quad9;1;2.275
Quad9;2;78.036
Quad9;3;179.255
Quad9;4;0
Quad9;5;72.795
Quad9;6;0
Quad9;7;81.385
Quad9;8;26.685
Quad9;9;55.972
Quad9;10;35.383
Quad9;11;75.890
Quad9;12;56.892
Quad9;1;2.556
Quad9;2;91.285
Quad9;3;92.210
Quad9;4;0
Quad9;5;0
Quad9;6;0
Quad9;7;109.856
Quad9;8;91.984
Quad9;9;28.369
Quad9;10;82.729
Quad9;11;59.597
Quad9;12;96.171
Quad9;1;2.424
Quad9;2;42.875
Quad9;3;251.346
Quad9;4;0
Quad9;5;0
Quad9;6;0
Quad9;7;64.619
Quad9;8;82.313
Quad9;9;80.488
Quad9;10;97.070
Quad9;11;55.093
Quad9;12;31.208
Quad9;1;2.504
Quad9;2;197.043
Quad9;3;218.986
Quad9;4;0
Quad9;5;69.374
Quad9;6;0
Quad9;7;36.793
Quad9;8;69.109
Quad9;9;91.726
Quad9;10;329.496
Quad9;11;84.874
Quad9;12;73.664
Quad9;1;2.196
Quad9;2;91.858
Quad9;3;277.716
Quad9;4;0
Quad9;5;0
Quad9;6;0
Quad9;7;71.139
Quad9;8;62.415
Quad9;9;80.420
Quad9;10;93.670
Quad9;11;53.386
Quad9;12;68.115
Quad9;1;2.683
Quad9;2;426.911
Quad9;3;205.082
Quad9;4;0
Quad9;5;0
Quad9;6;0
Quad9;7;64.172
Quad9;8;65.795
Quad9;9;55.978
Quad9;10;113.137
Quad9;11;161.589
Quad9;12;108.346
Quad9;1;2.307
Quad9;2;84.989
Quad9;3;72.636
Quad9;4;0
Quad9;5;0
Quad9;6;0
Quad9;7;69.701
Quad9;8;49.200
Quad9;9;76.714
Quad9;10;59.973
Quad9;11;41.078
Quad9;12;91.518
Quad9;1;2.187
Quad9;2;212.311
Quad9;3;253.671
Quad9;4;0
Quad9;5;0
Quad9;6;0
Quad9;7;65.196
Quad9;8;83.609
Quad9;9;72.864
Quad9;10;78.028
Quad9;11;76.343
Quad9;12;92.017
